CREATE DATABASE IF NOT EXISTS projest;
USE projest;

CREATE TABLE IF NOT EXISTS clientes(
	id_cliente INT NOT NULL AUTO_INCREMENT PRIMARY KEY,
    nome VARCHAR(50) NOT NULL,
    endereco VARCHAR(255),
    email VARCHAR(100)
    )
    COMMENT "Tabela que armazena entidades CLIENTES";

CREATE TABLE IF NOT EXISTS projetos(
	id_projeto INT NOT NULL AUTO_INCREMENT PRIMARY KEY,
    nome VARCHAR(50) NOT NULL,
    id_cliente INT NOT NULL,
    id_gerente INT NOT NULL,
    valor_orcado DECIMAL(10,2) DEFAULT 0,
    andamento DECIMAL(5,4) DEFAULT 0
    )
    COMMENT "Tabela que armazena entidades PROJETOS";

CREATE TABLE IF NOT EXISTS recursos_fisicos(
	id_rf INT NOT NULL AUTO_INCREMENT PRIMARY KEY,
    nome VARCHAR(50) NOT NULL,
    unidade VARCHAR(10) NOT NULL,
    custo_unitario DECIMAL(6,2)
    )
    COMMENT "Tabela que armazena entidades RECURSOS FÍSICOS";
    
CREATE TABLE IF NOT EXISTS uso_rf(
	id_uso_rf INT NOT NULL AUTO_INCREMENT PRIMARY KEY,
    id_tarefa INT,
    id_projeto INT NOT NULL,
    id_rf INT NOT NULL,
    quantidade DECIMAL(6,2) NOT NULL,
    data_rf DATE
    )
    COMMENT "Tabela que armazena USOS DE RECURSOS FÍSICOS";
    
CREATE TABLE IF NOT EXISTS tarefas(
	id_tarefa INT NOT NULL AUTO_INCREMENT PRIMARY KEY,
    nome VARCHAR(100) NOT NULL
    )
    COMMENT "Tabela que armazena entidades TAREFAS";    
    
CREATE TABLE IF NOT EXISTS pessoas(
	id_pessoa INT NOT NULL AUTO_INCREMENT PRIMARY KEY,
    nome VARCHAR(20) NOT NULL,
    sobrenome VARCHAR(20) NOT NULL,
    email VARCHAR(100),
    id_cargo INT NOT NULL
    )
    COMMENT "Tabela que armazena entidades PESSOAS";

CREATE TABLE IF NOT EXISTS cargos(
	id_cargo INT NOT NULL AUTO_INCREMENT PRIMARY KEY,
    nome VARCHAR(50) NOT NULL,
    valor_hora DECIMAL(5,2) NOT NULL
    )
    COMMENT "Tabela que armazena entidades CARGOS";
    
CREATE TABLE IF NOT EXISTS uso_rh(
	id_uso_rh INT NOT NULL AUTO_INCREMENT PRIMARY KEY,
    id_tarefa INT,
    id_pessoa INT NOT NULL,
    id_projeto INT NOT NULL,
    hora_inicio TIMESTAMP NOT NULL,
    hora_fim TIMESTAMP NOT NULL
    )
    COMMENT "Tabela que armazena registros de tempo de USO DE RECURSOS HUMANOS";

/* Definição das relações entre as tabelas com definição das chaves estrangeiras.
Serão definidas através da alteração de tabelas, pois não foram definidas no momento da criação */

ALTER TABLE projetos ADD CONSTRAINT FOREIGN KEY (id_cliente) REFERENCES clientes(id_cliente);
ALTER TABLE projetos ADD CONSTRAINT FOREIGN KEY (id_gerente) REFERENCES pessoas(id_pessoa);
ALTER TABLE uso_rf ADD CONSTRAINT FOREIGN KEY (id_tarefa) REFERENCES tarefas(id_tarefa);
ALTER TABLE uso_rf ADD CONSTRAINT FOREIGN KEY (id_projeto) REFERENCES projetos(id_projeto);
ALTER TABLE uso_rf ADD CONSTRAINT FOREIGN KEY (id_rf) REFERENCES recursos_fisicos(id_rf);
ALTER TABLE uso_rh ADD CONSTRAINT FOREIGN KEY (id_tarefa) REFERENCES tarefas(id_tarefa);
ALTER TABLE uso_rh ADD CONSTRAINT FOREIGN KEY (id_pessoa) REFERENCES pessoas(id_pessoa);
ALTER TABLE uso_rh ADD CONSTRAINT FOREIGN KEY (id_projeto) REFERENCES projetos(id_projeto);
ALTER TABLE pessoas ADD CONSTRAINT FOREIGN KEY (id_cargo) REFERENCES cargos(id_cargo);

INSERT INTO clientes VALUES
	(1, 'Devbug', '622 Nelson Center', 'agoublier0@taobao.com'),
	(2, 'Browsetype', '59826 Sommers Point', 'cmapam1@reddit.com'),
	(3, 'Miboo', '3 Knutson Court', 'ndincey2@a8.net'),
	(4, 'Realbridge', '526 Merchant Hill', 'bfrayn3@ca.gov');
    
INSERT INTO cargos VALUES
	(1, 'Estagiário', 8),
	(2, 'Arquiteto', 60),
	(3, 'Engenheiro de Estruturas', 60),
	(4, 'Engenheiro de Instalações', 60),
	(5, 'Coordenador', 80),
	(6, 'Artista 3D', 50),
	(7, 'Orçamentista', 50),
	(8, 'Técnico em Edificações', 50);
	
INSERT INTO pessoas VALUES
	(1, 'Isabeau', 'Stoke','istoke0@tmall.com',8),
	(2, 'Marybeth', 'Matthews','mmatthews1@google.com.au',4),
	(3, 'Traver', 'Feldon','tfeldon2@is.gd',2),
	(4, 'Nikkie', 'Giacobini','ngiacobini3@sina.com.cn',4),
	(5, 'Even', 'Esmonde','eesmonde4@amazonaws.com',2),
	(6, 'Davey', 'Lyenyng','dlyenyng5@photobucket.com',4),
	(7, 'Kenon', 'Aldwich','kaldwich6@webs.com',7),
	(8, 'Juli', 'Lainge','jlainge7@plala.or.jp',2),
	(9, 'Jayme', 'Benbough','jbenbough8@webnode.com',8),
	(10, 'Lorettalorna', 'Annon','lannon9@dropbox.com',5),
	(11, 'Mae', 'Itscowicz','mitscowicza@studiopress.com',2),
	(12, 'Johna', 'Chasemore','jchasemoreb@123-reg.co.uk',3),
	(13, 'Oliviero', 'Szymoni','oszymonic@nba.com',8),
	(14, 'Aleta', 'Rohloff','arohloffd@tamu.edu',1),
	(15, 'Dore', 'Glaserman','dglasermane@t-online.de',6),
	(16, 'Ives', 'Goodsal','igoodsalf@statcounter.com',5),
	(17, 'Kori', 'Abramowitch','kabramowitchg@tripadvisor.com',4),
	(18, 'Wileen', 'Tills','wtillsh@oracle.com',2),
	(19, 'Brooke', 'Pods','bpodsi@nba.com',1),
	(20, 'Ruthanne', 'Fellos','rfellosj@vimeo.com',4);

INSERT INTO projetos VALUES
	(1,'Consectetuer', 3,16,246026.19,0.2743),
	(2,'Justo Morbi', 3,10,470510.17,0.803),
	(3,'Morbi', 4,10,269124.16,0.9256),
	(4,'Turpis Integer', 1,16,341722.36,0.4203),
	(5,'Libero', 1,16,61959.78,0.2015),
	(6,'Odio Curabitur', 3,10,327434.15,0.6728),
	(7,'Ut', 1,10,263402.69,0.5958),
	(8,'Montes', 2,16,227644.65,0.7612),
	(9,'Diam In', 4,10,379747.91,0.6938),
	(10,'Vitae Quam', 3,16,450241.45,0.6383),
	(11,'Fermentum Donec', 2,10,82174.68,0.0827),
	(12,'Suscipit A', 4,16,209268.59,0.4373),
	(13,'Pede Malesuada', 3,16,61305.17,0.101),
	(14,'Nullam Varius', 1,16,284127.14,0.8496),
	(15,'Eu', 3,16,74678.85,0.92),
	(16,'Maecenas Ut', 2,16,476834.05,0.1251),
	(17,'At Diam', 3,16,308777.21,0.5751),
	(18,'Fusce Lacus', 4,10,318087.19,0.3693),
	(19,'In', 2,10,286555.31,0.3312),
	(20,'Mus Etiam', 3,10,143858.84,0.43);


INSERT INTO recursos_fisicos VALUES
	(1,'Software Bim', 'mês',650),
	(2,'Uso de veículo próprio', 'km',15),
	(3,'Hospedagem', 'diaria',300),
	(4,'Alimentação', 'diaria',100),
	(5,'Passagem aérea', 'verba',1),
	(6,'Consultoria', 'hora',200),
	(7,'Locações', 'verba',1),
	(8,'Taxi / Uber / Traslados', 'verba',1);

INSERT INTO tarefas VALUES
	(1,'Estudo de viabilidade'),
	(2,'Anteprojeto'),
	(3,'Projeto Legal'),
	(4,'Projeto executivo'),
	(5,'Detalhamentos'),
	(6,'Orçamentação'),
	(7,'Planejamento e Controle');
    
INSERT INTO uso_rf VALUES
	(1,6, 5,7,1021,'2023-01-18'),
	(2,1, 8,3,2,'2021-07-25'),
	(3,2, 6,1,16,'2022-10-20'),
	(4,7, 10,5,1335,'2022-10-14'),
	(5,7, 13,5,1371,'2021-06-10'),
	(6,3, 8,8,38,'2022-03-12'),
	(7,7, 18,4,2,'2020-07-27'),
	(8,2, 1,3,1,'2022-05-25'),
	(9,5, 1,3,4,'2023-02-03'),
	(10,3, 17,4,2,'2022-01-01'),
	(11,7, 20,4,2,'2022-06-22'),
	(12,6, 1,3,3,'2022-08-30'),
	(13,4, 13,1,23,'2021-01-24'),
	(14,5, 19,8,30,'2021-03-31'),
	(15,4, 14,7,647,'2021-05-07'),
	(16,2, 16,5,1271,'2021-02-19'),
	(17,6, 3,2,146,'2022-12-06'),
	(18,6, 16,2,151,'2022-12-23'),
	(19,1, 15,6,27,'2021-01-02'),
	(20,3, 1,2,170,'2022-01-08'),
	(21,3, 13,7,1081,'2020-10-07'),
	(22,1, 3,4,2,'2022-05-10'),
	(23,1, 16,5,1047,'2021-11-10'),
	(24,4, 2,5,1359,'2022-09-12'),
	(25,7, 20,3,3,'2023-02-10'),
	(26,4, 15,5,862,'2021-03-23'),
	(27,5, 12,8,27,'2023-03-30'),
	(28,4, 11,6,19,'2021-01-10'),
	(29,5, 16,8,30,'2021-03-22'),
	(30,2, 11,5,708,'2020-11-16'),
	(31,7, 13,2,172,'2021-06-21'),
	(32,1, 10,3,4,'2021-01-20'),
	(33,7, 8,8,17,'2020-12-23'),
	(34,2, 17,8,35,'2021-08-29'),
	(35,5, 17,8,31,'2022-05-08'),
	(36,3, 8,5,1195,'2022-02-12'),
	(37,2, 5,3,3,'2022-03-05'),
	(38,3, 2,5,1116,'2021-06-01'),
	(39,5, 1,2,104,'2020-08-06'),
	(40,7, 11,5,865,'2022-02-02'),
	(41,5, 15,2,135,'2020-10-28'),
	(42,7, 16,8,36,'2023-04-08'),
	(43,5, 16,2,117,'2020-06-24'),
	(44,6, 20,8,31,'2021-07-05'),
	(45,7, 20,1,15,'2022-07-02'),
	(46,5, 5,4,2,'2020-07-24'),
	(47,3, 3,6,32,'2020-11-10'),
	(48,1, 13,2,134,'2022-10-12'),
	(49,2, 7,8,21,'2021-05-31'),
	(50,2, 19,7,1162,'2023-01-04'),
	(51,2, 18,1,7,'2023-03-04'),
	(52,1, 11,5,1594,'2022-12-08'),
	(53,1, 16,1,6,'2022-06-06'),
	(54,1, 15,8,32,'2021-04-12'),
	(55,7, 6,8,34,'2021-03-04'),
	(56,6, 11,2,124,'2021-02-19'),
	(57,4, 15,2,107,'2022-12-13'),
	(58,2, 11,6,30,'2023-03-20'),
	(59,2, 9,8,33,'2022-07-24'),
	(60,4, 15,5,1430,'2022-04-16'),
	(61,6, 12,3,5,'2022-11-11'),
	(62,7, 3,7,578,'2021-10-14'),
	(63,3, 4,8,33,'2021-12-09'),
	(64,1, 15,7,825,'2021-08-29'),
	(65,3, 1,5,1089,'2022-08-18'),
	(66,3, 14,7,832,'2021-08-03'),
	(67,2, 18,6,15,'2020-10-14'),
	(68,2, 2,3,3,'2020-11-14'),
	(69,6, 6,1,7,'2022-06-01'),
	(70,6, 5,7,753,'2020-08-23'),
	(71,3, 15,2,137,'2022-05-18'),
	(72,4, 18,1,13,'2022-03-27'),
	(73,7, 5,4,2,'2022-08-02'),
	(74,7, 11,7,564,'2022-01-27'),
	(75,2, 13,1,16,'2021-06-20'),
	(76,3, 6,2,104,'2020-08-07'),
	(77,1, 4,2,145,'2021-02-22'),
	(78,7, 19,8,21,'2022-12-13'),
	(79,2, 6,1,3,'2022-04-16'),
	(80,6, 15,5,817,'2021-06-22'),
	(81,1, 18,7,949,'2020-05-17'),
	(82,7, 18,2,124,'2021-05-14'),
	(83,1, 3,4,2,'2021-11-30'),
	(84,6, 10,7,857,'2023-01-29'),
	(85,1, 14,7,846,'2022-11-20'),
	(86,4, 17,1,6,'2021-07-06'),
	(87,7, 6,3,2,'2020-05-29'),
	(88,4, 20,3,4,'2021-01-30'),
	(89,3, 17,1,25,'2021-05-10'),
	(90,6, 10,8,38,'2021-08-11'),
	(91,2, 8,8,34,'2021-07-29'),
	(92,4, 19,4,2,'2021-09-04'),
	(93,4, 18,2,168,'2020-11-29'),
	(94,6, 11,2,171,'2021-03-05'),
	(95,4, 12,6,33,'2023-01-13'),
	(96,6, 2,3,2,'2021-10-27'),
	(97,4, 2,6,26,'2022-08-31'),
	(98,7, 11,1,2,'2022-06-23'),
	(99,1, 6,1,1,'2021-05-21'),
	(100,5, 8,3,3,'2022-11-24');

INSERT INTO uso_rh VALUES
	(1,5, 7,17,'2022-12-09 15:31:02','2022-12-09 20:56:02'),
	(2,5, 4,19,'2020-05-10 17:19:41','2020-05-10 18:32:41'),
	(3,6, 1,12,'2020-07-31 11:58:53','2020-07-31 16:44:53'),
	(4,7, 10,1,'2022-05-20 16:37:39','2022-05-20 17:37:39'),
	(5,5, 11,6,'2022-02-20 14:25:37','2022-02-20 20:38:37'),
	(6,6, 16,20,'2021-08-23 11:52:43','2021-08-23 15:13:43'),
	(7,2, 14,17,'2022-06-21 17:57:50','2022-06-21 21:04:50'),
	(8,5, 3,12,'2021-06-18 15:04:41','2021-06-18 17:44:41'),
	(9,5, 20,9,'2021-06-09 12:33:08','2021-06-09 16:49:08'),
	(10,4, 5,11,'2022-07-03 11:16:38','2022-07-03 15:18:38'),
	(11,4, 17,2,'2021-02-21 12:05:51','2021-02-21 14:56:51'),
	(12,7, 1,6,'2020-10-30 10:29:18','2020-10-30 16:43:18'),
	(13,2, 10,12,'2022-02-27 16:41:09','2022-02-27 20:01:09'),
	(14,6, 4,12,'2022-12-18 10:12:13','2022-12-18 11:24:13'),
	(15,4, 7,13,'2022-04-10 13:58:27','2022-04-10 19:44:27'),
	(16,5, 10,7,'2020-08-28 13:24:26','2020-08-28 20:40:26'),
	(17,5, 9,15,'2022-03-13 08:53:20','2022-03-13 14:08:20'),
	(18,5, 19,17,'2022-10-30 15:05:17','2022-10-30 21:12:17'),
	(19,4, 4,20,'2020-07-05 11:18:03','2020-07-05 13:51:03'),
	(20,5, 15,18,'2020-06-19 14:04:21','2020-06-19 21:51:21'),
	(21,2, 8,20,'2021-04-22 17:09:45','2021-04-22 19:28:45'),
	(22,6, 3,18,'2020-11-26 16:19:56','2020-11-26 21:51:56'),
	(23,2, 16,4,'2020-10-29 11:01:06','2020-10-29 16:21:06'),
	(24,2, 9,8,'2022-05-15 11:17:18','2022-05-15 17:57:18'),
	(25,4, 10,17,'2020-09-24 17:43:35','2020-09-24 21:07:35'),
	(26,4, 1,16,'2022-07-06 11:53:07','2022-07-06 15:21:07'),
	(27,7, 16,16,'2020-10-10 12:07:45','2020-10-10 15:37:45'),
	(28,7, 19,6,'2022-10-10 10:26:09','2022-10-10 13:53:09'),
	(29,7, 7,13,'2022-05-20 17:24:00','2022-05-20 19:52:00'),
	(30,6, 10,7,'2021-08-02 12:49:22','2021-08-02 18:41:22'),
	(31,7, 12,19,'2021-12-11 14:39:09','2021-12-11 16:54:09'),
	(32,7, 20,4,'2022-01-31 12:44:26','2022-01-31 18:39:26'),
	(33,1, 12,6,'2022-04-30 16:41:23','2022-04-30 19:27:23'),
	(34,3, 12,11,'2021-07-14 11:36:11','2021-07-14 15:16:11'),
	(35,7, 8,6,'2021-02-15 15:37:37','2021-02-15 19:18:37'),
	(36,5, 4,10,'2021-05-21 16:13:29','2021-05-21 22:44:29'),
	(37,7, 15,13,'2022-06-05 14:49:16','2022-06-05 19:57:16'),
	(38,5, 12,1,'2020-07-23 15:50:34','2020-07-23 18:46:34'),
	(39,7, 19,20,'2022-01-05 08:36:17','2022-01-05 14:05:17'),
	(40,6, 9,5,'2022-08-20 08:25:31','2022-08-20 14:27:31'),
	(41,2, 10,2,'2020-11-02 10:57:43','2020-11-02 13:16:43'),
	(42,4, 4,10,'2021-06-28 16:35:10','2021-06-29 00:08:10'),
	(43,1, 12,5,'2020-11-12 13:06:20','2020-11-12 14:49:20'),
	(44,6, 16,16,'2022-12-23 09:59:22','2022-12-23 10:32:22'),
	(45,5, 10,2,'2021-02-03 08:49:49','2021-02-03 14:28:49'),
	(46,1, 10,10,'2021-05-06 16:53:13','2021-05-06 19:24:13'),
	(47,5, 9,14,'2021-03-25 13:21:39','2021-03-25 20:28:39'),
	(48,5, 11,1,'2020-04-27 12:58:54','2020-04-27 19:51:54'),
	(49,2, 20,16,'2020-07-06 10:58:14','2020-07-06 12:35:14'),
	(50,2, 11,13,'2022-04-27 15:56:39','2022-04-27 23:14:39'),
	(51,5, 12,12,'2022-10-03 13:41:14','2022-10-03 15:17:14'),
	(52,6, 10,1,'2021-12-30 08:12:38','2021-12-30 11:55:38'),
	(53,4, 7,11,'2020-10-28 17:20:29','2020-10-28 23:10:29'),
	(54,1, 9,1,'2021-10-19 09:31:13','2021-10-19 10:07:13'),
	(55,2, 20,13,'2022-03-21 16:20:10','2022-03-21 21:27:10'),
	(56,7, 18,20,'2021-04-06 08:13:31','2021-04-06 14:30:31'),
	(57,1, 9,10,'2021-08-03 17:43:55','2021-08-03 23:51:55'),
	(58,3, 1,17,'2023-01-01 14:31:56','2023-01-01 22:00:56'),
	(59,3, 8,9,'2023-01-15 12:45:26','2023-01-15 12:53:26'),
	(60,2, 10,5,'2022-02-22 12:54:28','2022-02-22 13:47:28'),
	(61,7, 9,18,'2022-04-27 12:14:20','2022-04-27 19:11:20'),
	(62,4, 12,14,'2020-11-10 10:45:32','2020-11-10 14:30:32'),
	(63,4, 15,12,'2021-12-18 13:03:53','2021-12-18 17:18:53'),
	(64,3, 6,3,'2023-04-01 10:53:28','2023-04-01 18:15:28'),
	(65,1, 18,18,'2021-07-17 15:41:06','2021-07-17 22:31:06'),
	(66,3, 5,7,'2021-03-19 17:26:23','2021-03-20 00:47:23'),
	(67,3, 15,18,'2020-05-12 15:16:01','2020-05-12 18:02:01'),
	(68,2, 17,9,'2022-03-14 16:35:03','2022-03-14 20:49:03'),
	(69,7, 12,15,'2022-09-02 17:54:14','2022-09-02 20:26:14'),
	(70,2, 4,15,'2021-05-13 15:03:37','2021-05-13 17:29:37'),
	(71,2, 16,14,'2021-06-07 09:38:50','2021-06-07 11:12:50'),
	(72,2, 15,3,'2020-07-13 08:18:25','2020-07-13 10:48:25'),
	(73,7, 9,13,'2023-04-17 14:43:40','2023-04-17 16:40:40'),
	(74,6, 12,5,'2021-11-12 13:14:20','2021-11-12 13:31:20'),
	(75,3, 15,11,'2022-03-22 17:25:34','2022-03-22 22:28:34'),
	(76,3, 7,4,'2021-09-21 11:57:13','2021-09-21 17:46:13'),
	(77,5, 9,4,'2022-10-13 11:43:15','2022-10-13 15:47:15'),
	(78,7, 1,20,'2020-08-07 12:24:51','2020-08-07 12:52:51'),
	(79,2, 8,13,'2020-12-09 11:46:27','2020-12-09 18:04:27'),
	(80,5, 9,20,'2023-02-20 16:22:19','2023-02-20 21:16:19'),
	(81,4, 9,14,'2023-03-22 14:00:02','2023-03-22 15:33:02'),
	(82,4, 9,4,'2022-04-17 15:55:30','2022-04-17 18:38:30'),
	(83,7, 17,14,'2022-04-17 11:27:05','2022-04-17 13:11:05'),
	(84,3, 13,12,'2022-05-07 08:01:42','2022-05-07 14:18:42'),
	(85,2, 14,16,'2021-01-21 12:56:23','2021-01-21 13:22:23'),
	(86,1, 4,20,'2020-05-17 17:38:43','2020-05-18 00:17:43'),
	(87,1, 9,10,'2021-10-16 14:42:54','2021-10-16 19:57:54'),
	(88,6, 9,6,'2020-05-16 14:24:01','2020-05-16 17:52:01'),
	(89,2, 20,4,'2022-12-03 09:58:19','2022-12-03 15:20:19'),
	(90,6, 17,7,'2020-12-30 09:46:59','2020-12-30 10:31:59'),
	(91,5, 17,18,'2021-03-05 14:06:06','2021-03-05 14:27:06'),
	(92,4, 10,7,'2020-11-07 17:23:24','2020-11-07 19:18:24'),
	(93,2, 9,2,'2021-11-22 13:16:27','2021-11-22 19:38:27'),
	(94,5, 5,14,'2021-08-23 11:28:46','2021-08-23 18:17:46'),
	(95,4, 8,16,'2021-06-12 15:08:35','2021-06-12 23:00:35'),
	(96,1, 14,2,'2023-01-06 12:43:30','2023-01-06 17:44:30'),
	(97,7, 1,13,'2020-12-22 15:42:02','2020-12-22 22:10:02'),
	(98,2, 6,2,'2020-07-06 16:21:05','2020-07-06 18:28:05'),
	(99,5, 3,3,'2022-06-26 17:47:46','2022-06-26 19:42:46'),
	(100,6, 9,18,'2022-10-07 14:02:31','2022-10-07 20:22:31'),
	(101,1, 11,20,'2020-08-24 08:37:03','2020-08-24 14:31:03'),
	(102,6, 9,4,'2022-04-12 16:40:26','2022-04-13 00:06:26'),
	(103,1, 4,2,'2021-05-13 13:02:15','2021-05-13 19:27:15'),
	(104,3, 13,8,'2022-09-19 08:36:02','2022-09-19 12:42:02'),
	(105,5, 15,15,'2021-07-06 11:24:32','2021-07-06 17:57:32'),
	(106,3, 19,2,'2023-04-16 12:36:24','2023-04-16 13:17:24'),
	(107,2, 7,1,'2021-05-04 17:39:12','2021-05-04 20:29:12'),
	(108,5, 11,16,'2023-02-28 12:06:20','2023-02-28 15:45:20'),
	(109,6, 19,15,'2022-02-11 16:07:22','2022-02-11 20:03:22'),
	(110,3, 14,20,'2022-01-15 17:07:26','2022-01-15 19:21:26'),
	(111,3, 4,18,'2022-03-22 10:14:03','2022-03-22 10:15:03'),
	(112,6, 9,20,'2020-12-09 12:29:35','2020-12-09 16:15:35'),
	(113,7, 9,8,'2022-02-28 15:20:37','2022-02-28 17:48:37'),
	(114,5, 8,18,'2021-10-25 11:48:21','2021-10-25 11:57:21'),
	(115,1, 6,9,'2021-09-14 14:49:10','2021-09-14 16:27:10'),
	(116,5, 10,18,'2023-01-12 10:44:10','2023-01-12 15:24:10'),
	(117,5, 20,11,'2021-03-02 10:30:50','2021-03-02 17:50:50'),
	(118,6, 14,6,'2023-03-25 10:21:56','2023-03-25 14:28:56'),
	(119,7, 8,4,'2021-01-18 12:55:17','2021-01-18 15:41:17'),
	(120,1, 20,1,'2021-10-29 09:29:55','2021-10-29 09:48:55'),
	(121,2, 18,5,'2022-05-27 09:53:51','2022-05-27 17:42:51'),
	(122,6, 10,3,'2021-10-14 15:38:58','2021-10-14 20:34:58'),
	(123,4, 15,5,'2023-01-12 08:31:32','2023-01-12 15:34:32'),
	(124,2, 17,15,'2021-08-10 16:16:36','2021-08-10 21:25:36'),
	(125,7, 20,3,'2023-04-13 13:28:33','2023-04-13 20:14:33'),
	(126,4, 4,19,'2021-10-14 15:19:22','2021-10-14 17:34:22'),
	(127,3, 19,2,'2023-01-20 14:04:40','2023-01-20 19:56:40'),
	(128,5, 3,19,'2020-12-19 15:47:00','2020-12-19 16:16:00'),
	(129,5, 5,16,'2022-06-03 08:47:02','2022-06-03 15:47:02'),
	(130,2, 14,12,'2020-06-15 09:14:41','2020-06-15 15:49:41'),
	(131,2, 16,7,'2020-08-08 16:24:48','2020-08-09 00:24:48'),
	(132,2, 5,12,'2020-08-21 13:46:40','2020-08-21 21:01:40'),
	(133,6, 12,5,'2022-05-01 16:30:47','2022-05-02 00:11:47'),
	(134,7, 1,12,'2020-11-24 08:16:23','2020-11-24 14:23:23'),
	(135,5, 15,11,'2022-04-26 10:06:03','2022-04-26 12:08:03'),
	(136,6, 4,10,'2020-10-05 11:35:52','2020-10-05 12:50:52'),
	(137,4, 16,15,'2022-03-22 14:23:34','2022-03-22 21:15:34'),
	(138,7, 16,7,'2023-03-25 16:12:49','2023-03-25 16:19:49'),
	(139,6, 17,5,'2022-09-10 13:26:58','2022-09-10 13:30:58'),
	(140,4, 2,14,'2023-04-04 15:25:01','2023-04-04 19:18:01'),
	(141,5, 17,8,'2020-11-22 14:18:08','2020-11-22 20:43:08'),
	(142,7, 17,19,'2022-04-18 11:43:21','2022-04-18 18:50:21'),
	(143,5, 7,4,'2021-07-27 12:12:58','2021-07-27 18:29:58'),
	(144,2, 9,7,'2022-05-17 15:23:06','2022-05-17 23:12:06'),
	(145,3, 10,20,'2021-10-09 12:23:33','2021-10-09 14:23:33'),
	(146,3, 13,1,'2021-10-25 16:55:57','2021-10-25 22:52:57'),
	(147,6, 17,8,'2021-08-26 16:05:41','2021-08-26 22:22:41'),
	(148,5, 6,17,'2022-01-22 09:09:24','2022-01-22 10:29:24'),
	(149,7, 1,18,'2022-01-25 16:46:27','2022-01-26 00:15:27'),
	(150,1, 12,18,'2020-09-15 12:57:53','2020-09-15 14:59:53'),
	(151,5, 8,12,'2022-09-12 17:17:36','2022-09-13 01:06:36'),
	(152,7, 15,10,'2023-03-30 09:09:30','2023-03-30 11:23:30'),
	(153,7, 19,6,'2021-02-03 08:34:18','2021-02-03 10:31:18'),
	(154,4, 6,3,'2020-10-18 11:38:06','2020-10-18 16:44:06'),
	(155,1, 6,8,'2021-01-03 09:31:19','2021-01-03 11:50:19'),
	(156,4, 2,7,'2023-02-07 09:24:45','2023-02-07 15:36:45'),
	(157,6, 12,13,'2020-11-15 12:21:50','2020-11-15 17:49:50'),
	(158,2, 8,16,'2020-06-05 16:39:17','2020-06-05 23:55:17'),
	(159,6, 8,16,'2020-07-05 16:34:51','2020-07-05 18:52:51'),
	(160,6, 20,14,'2021-12-30 16:46:47','2021-12-30 17:33:47'),
	(161,4, 17,12,'2020-08-02 09:56:05','2020-08-02 11:24:05'),
	(162,3, 3,18,'2022-01-08 08:25:27','2022-01-08 11:28:27'),
	(163,2, 13,11,'2021-05-25 10:51:11','2021-05-25 17:20:11'),
	(164,1, 1,9,'2022-04-08 14:47:54','2022-04-08 19:16:54'),
	(165,1, 14,7,'2022-09-19 09:40:37','2022-09-19 16:35:37'),
	(166,1, 20,8,'2022-05-17 16:38:23','2022-05-17 17:02:23'),
	(167,1, 16,9,'2021-05-02 12:44:21','2021-05-02 13:19:21'),
	(168,6, 2,19,'2021-03-30 15:40:41','2021-03-30 22:02:41'),
	(169,6, 18,14,'2021-05-30 16:09:12','2021-05-30 18:11:12'),
	(170,4, 20,11,'2022-08-15 14:49:57','2022-08-15 16:17:57'),
	(171,4, 5,6,'2021-07-13 08:45:36','2021-07-13 11:09:36'),
	(172,2, 1,15,'2021-06-27 17:33:42','2021-06-27 20:22:42'),
	(173,4, 12,9,'2020-11-12 17:42:02','2020-11-12 20:08:02'),
	(174,7, 5,4,'2020-09-13 09:17:09','2020-09-13 16:00:09'),
	(175,3, 13,4,'2020-04-26 11:42:37','2020-04-26 14:21:37'),
	(176,2, 3,9,'2021-10-21 15:23:03','2021-10-21 21:54:03'),
	(177,3, 7,12,'2020-05-09 12:20:37','2020-05-09 16:09:37'),
	(178,2, 6,7,'2023-01-25 14:04:26','2023-01-25 19:58:26'),
	(179,6, 1,3,'2021-01-17 14:23:02','2021-01-17 19:02:02'),
	(180,2, 19,15,'2021-10-02 17:12:31','2021-10-02 17:47:31'),
	(181,3, 6,14,'2020-07-31 14:53:19','2020-07-31 20:40:19'),
	(182,6, 9,16,'2022-04-10 08:28:07','2022-04-10 12:58:07'),
	(183,5, 7,8,'2020-11-09 08:10:31','2020-11-09 14:03:31'),
	(184,2, 3,14,'2021-03-24 13:13:15','2021-03-24 17:05:15'),
	(185,6, 18,18,'2022-11-21 09:32:18','2022-11-21 11:50:18'),
	(186,6, 12,6,'2020-09-02 14:38:43','2020-09-02 15:24:43'),
	(187,1, 16,15,'2022-11-05 13:30:29','2022-11-05 19:51:29'),
	(188,4, 6,13,'2022-12-14 16:16:11','2022-12-14 22:11:11'),
	(189,7, 10,18,'2022-02-16 16:32:22','2022-02-16 22:55:22'),
	(190,1, 17,2,'2022-09-17 17:59:20','2022-09-17 19:52:20'),
	(191,3, 18,18,'2023-01-30 11:30:12','2023-01-30 16:43:12'),
	(192,7, 13,8,'2021-08-28 10:03:27','2021-08-28 12:35:27'),
	(193,4, 4,11,'2020-08-19 13:00:57','2020-08-19 20:20:57'),
	(194,6, 15,8,'2021-04-10 09:21:12','2021-04-10 11:27:12'),
	(195,1, 7,14,'2023-02-22 10:34:56','2023-02-22 11:33:56'),
	(196,3, 12,20,'2023-03-17 11:58:47','2023-03-17 14:53:47'),
	(197,1, 17,1,'2021-08-31 12:36:57','2021-08-31 17:01:57'),
	(198,1, 8,1,'2022-04-18 10:31:28','2022-04-18 16:51:28'),
	(199,5, 2,20,'2022-12-30 09:33:15','2022-12-30 16:45:15'),
	(200,2, 10,2,'2021-02-18 17:10:00','2021-02-18 23:54:00'),
	(201,6, 4,20,'2021-10-03 13:03:15','2021-10-03 19:00:15'),
	(202,3, 3,4,'2022-12-29 12:51:28','2022-12-29 19:46:28'),
	(203,7, 13,5,'2022-10-11 12:57:31','2022-10-11 14:31:31'),
	(204,7, 16,17,'2022-09-24 16:29:16','2022-09-24 23:30:16'),
	(205,1, 2,2,'2021-02-19 15:21:42','2021-02-19 20:32:42'),
	(206,5, 10,10,'2020-10-22 12:06:31','2020-10-22 12:34:31'),
	(207,6, 15,18,'2021-10-16 11:40:21','2021-10-16 15:43:21'),
	(208,7, 7,20,'2021-11-16 12:04:41','2021-11-16 18:52:41'),
	(209,6, 20,16,'2021-12-10 13:34:27','2021-12-10 16:32:27'),
	(210,2, 1,18,'2022-12-18 09:35:21','2022-12-18 09:51:21'),
	(211,1, 18,2,'2023-01-03 10:11:58','2023-01-03 16:28:58'),
	(212,5, 11,20,'2020-12-14 11:49:00','2020-12-14 16:45:00'),
	(213,6, 13,5,'2021-09-07 13:43:37','2021-09-07 17:42:37'),
	(214,6, 12,8,'2020-09-18 13:34:06','2020-09-18 20:47:06'),
	(215,3, 19,13,'2020-10-12 09:13:05','2020-10-12 09:44:05'),
	(216,3, 20,8,'2022-04-18 16:10:41','2022-04-19 00:10:41'),
	(217,5, 20,11,'2023-02-10 17:52:37','2023-02-10 21:12:37'),
	(218,5, 9,11,'2022-10-06 16:15:18','2022-10-06 21:19:18'),
	(219,5, 9,17,'2022-07-02 14:38:47','2022-07-02 16:42:47'),
	(220,1, 17,7,'2021-07-31 10:06:43','2021-07-31 15:20:43'),
	(221,2, 4,18,'2021-05-26 09:13:03','2021-05-26 16:09:03'),
	(222,5, 18,12,'2022-03-20 16:03:48','2022-03-20 21:15:48'),
	(223,5, 17,5,'2020-10-03 12:59:07','2020-10-03 17:45:07'),
	(224,3, 19,7,'2021-09-05 08:29:10','2021-09-05 09:03:10'),
	(225,4, 14,5,'2023-03-09 17:14:04','2023-03-09 23:46:04'),
	(226,7, 11,17,'2021-10-08 11:00:14','2021-10-08 15:43:14'),
	(227,2, 1,14,'2020-12-25 10:14:48','2020-12-25 16:04:48'),
	(228,1, 20,17,'2023-03-08 17:31:49','2023-03-08 19:34:49'),
	(229,2, 7,11,'2022-01-24 09:24:37','2022-01-24 10:14:37'),
	(230,2, 7,3,'2020-08-06 15:44:59','2020-08-06 20:33:59'),
	(231,6, 7,16,'2022-07-20 17:45:41','2022-07-20 21:48:41'),
	(232,7, 10,9,'2022-05-17 09:50:48','2022-05-17 10:36:48'),
	(233,1, 3,6,'2020-06-30 13:53:48','2020-06-30 14:09:48'),
	(234,5, 16,9,'2020-05-15 12:00:01','2020-05-15 16:39:01'),
	(235,5, 14,18,'2022-09-11 13:11:35','2022-09-11 20:41:35'),
	(236,1, 16,14,'2021-12-16 10:07:02','2021-12-16 14:00:02'),
	(237,3, 19,7,'2022-01-19 14:27:33','2022-01-19 20:40:33'),
	(238,5, 19,15,'2020-07-07 13:46:37','2020-07-07 20:39:37'),
	(239,2, 13,10,'2022-01-11 11:31:55','2022-01-11 16:44:55'),
	(240,5, 7,18,'2020-06-24 16:12:35','2020-06-24 23:51:35'),
	(241,4, 16,16,'2022-01-11 11:55:53','2022-01-11 18:53:53'),
	(242,2, 12,20,'2022-05-05 10:35:09','2022-05-05 11:14:09'),
	(243,1, 10,15,'2020-12-23 09:29:33','2020-12-23 14:57:33'),
	(244,1, 1,20,'2020-11-08 16:24:06','2020-11-08 23:20:06'),
	(245,3, 1,9,'2020-10-27 11:39:38','2020-10-27 11:48:38'),
	(246,1, 3,4,'2022-10-17 12:07:38','2022-10-17 15:03:38'),
	(247,7, 11,3,'2020-08-20 12:11:43','2020-08-20 19:36:43'),
	(248,4, 16,15,'2021-06-22 09:40:53','2021-06-22 14:24:53'),
	(249,1, 3,17,'2021-02-09 17:59:36','2021-02-10 00:43:36'),
	(250,1, 1,7,'2020-12-20 10:44:14','2020-12-20 18:15:14'),
	(251,6, 17,8,'2022-02-06 16:56:07','2022-02-07 00:49:07'),
	(252,1, 13,7,'2022-05-20 17:27:54','2022-05-20 19:47:54'),
	(253,2, 7,13,'2020-12-14 09:40:47','2020-12-14 14:46:47'),
	(254,5, 18,11,'2020-04-21 10:58:10','2020-04-21 14:27:10'),
	(255,3, 15,6,'2022-02-04 10:52:46','2022-02-04 10:58:46'),
	(256,4, 18,18,'2022-05-11 08:39:58','2022-05-11 14:31:58'),
	(257,5, 6,12,'2022-05-11 09:45:35','2022-05-11 15:23:35'),
	(258,6, 1,9,'2021-05-30 12:06:57','2021-05-30 19:56:57'),
	(259,4, 19,4,'2023-03-16 09:56:19','2023-03-16 15:31:19'),
	(260,3, 3,6,'2021-08-31 10:33:41','2021-08-31 15:21:41'),
	(261,2, 12,1,'2021-12-26 17:58:45','2021-12-26 23:42:45'),
	(262,3, 8,10,'2020-07-11 09:03:43','2020-07-11 12:19:43'),
	(263,4, 19,14,'2020-07-27 10:30:56','2020-07-27 11:51:56'),
	(264,1, 1,6,'2021-08-15 08:25:23','2021-08-15 14:55:23'),
	(265,5, 1,12,'2020-07-20 12:00:32','2020-07-20 17:58:32'),
	(266,6, 20,5,'2021-06-27 12:16:21','2021-06-27 13:06:21'),
	(267,5, 15,3,'2022-03-28 13:35:45','2022-03-28 14:16:45'),
	(268,4, 9,1,'2021-08-17 14:57:33','2021-08-17 22:52:33'),
	(269,7, 13,8,'2022-04-30 17:57:30','2022-04-30 22:30:30'),
	(270,1, 6,10,'2021-04-17 11:21:48','2021-04-17 18:29:48'),
	(271,2, 9,6,'2022-06-14 15:20:01','2022-06-14 20:01:01'),
	(272,5, 17,14,'2022-04-02 09:10:03','2022-04-02 16:08:03'),
	(273,3, 1,5,'2021-09-16 10:50:54','2021-09-16 12:04:54'),
	(274,1, 13,7,'2022-07-01 09:52:16','2022-07-01 16:10:16'),
	(275,3, 13,4,'2021-01-10 15:34:45','2021-01-10 16:51:45'),
	(276,3, 18,7,'2022-05-15 08:41:35','2022-05-15 13:18:35'),
	(277,1, 3,8,'2021-05-09 14:40:35','2021-05-09 17:55:35'),
	(278,2, 3,3,'2020-10-04 13:38:52','2020-10-04 17:34:52'),
	(279,6, 11,17,'2022-12-28 11:58:01','2022-12-28 15:00:01'),
	(280,6, 16,5,'2022-07-04 16:54:26','2022-07-04 17:02:26'),
	(281,3, 15,19,'2020-09-25 17:28:36','2020-09-25 19:09:36'),
	(282,4, 9,2,'2020-11-01 12:22:01','2020-11-01 16:16:01'),
	(283,7, 12,10,'2022-01-10 16:53:28','2022-01-10 20:06:28'),
	(284,4, 10,18,'2020-12-17 15:28:04','2020-12-17 18:29:04'),
	(285,2, 2,10,'2021-11-10 10:42:13','2021-11-10 14:23:13'),
	(286,2, 3,14,'2023-02-14 16:49:07','2023-02-15 00:19:07'),
	(287,2, 12,12,'2020-09-05 10:32:39','2020-09-05 11:02:39'),
	(288,6, 16,10,'2023-04-16 12:48:31','2023-04-16 17:51:31'),
	(289,3, 12,17,'2023-02-12 09:14:03','2023-02-12 12:36:03'),
	(290,3, 15,9,'2020-12-09 09:41:37','2020-12-09 15:44:37'),
	(291,5, 4,1,'2020-06-06 10:47:31','2020-06-06 17:32:31'),
	(292,5, 11,6,'2021-06-22 13:23:27','2021-06-22 20:15:27'),
	(293,1, 7,20,'2021-12-04 17:53:29','2021-12-05 01:40:29'),
	(294,5, 5,1,'2021-03-06 09:44:04','2021-03-06 16:51:04'),
	(295,6, 11,4,'2022-03-09 16:37:19','2022-03-09 19:29:19'),
	(296,4, 10,17,'2020-07-25 17:09:17','2020-07-25 22:31:17'),
	(297,1, 4,16,'2023-03-16 15:54:56','2023-03-16 19:23:56'),
	(298,4, 3,6,'2020-05-24 12:19:44','2020-05-24 17:31:44'),
	(299,5, 14,2,'2022-07-25 16:16:14','2022-07-25 22:50:14'),
	(300,7, 12,11,'2022-01-07 14:15:02','2022-01-07 19:56:02'),
	(301,5, 9,7,'2020-08-05 17:30:37','2020-08-05 18:05:37'),
	(302,4, 15,7,'2022-02-04 08:59:36','2022-02-04 13:03:36'),
	(303,4, 18,16,'2021-07-02 09:54:42','2021-07-02 14:43:42'),
	(304,6, 16,16,'2020-11-24 15:03:12','2020-11-24 15:46:12'),
	(305,3, 4,16,'2020-09-16 16:37:57','2020-09-16 22:25:57'),
	(306,1, 2,11,'2021-07-30 11:45:52','2021-07-30 17:29:52'),
	(307,6, 20,2,'2021-03-27 14:10:41','2021-03-27 20:44:41'),
	(308,7, 8,5,'2020-12-23 11:52:54','2020-12-23 19:47:54'),
	(309,1, 9,9,'2020-12-04 10:33:36','2020-12-04 15:22:36'),
	(310,1, 16,11,'2023-02-20 14:42:24','2023-02-20 19:59:24'),
	(311,2, 4,16,'2020-12-19 12:43:47','2020-12-19 15:37:47'),
	(312,3, 12,12,'2022-07-11 09:42:23','2022-07-11 10:23:23'),
	(313,3, 3,14,'2020-08-03 16:05:06','2020-08-03 22:21:06'),
	(314,4, 6,9,'2022-09-04 08:07:39','2022-09-04 14:26:39'),
	(315,2, 1,16,'2023-01-13 13:22:45','2023-01-13 14:55:45'),
	(316,1, 3,11,'2023-04-12 11:10:41','2023-04-12 13:15:41'),
	(317,6, 11,3,'2022-12-24 12:47:41','2022-12-24 17:46:41'),
	(318,5, 19,17,'2020-07-08 14:13:06','2020-07-08 18:44:06'),
	(319,1, 2,4,'2020-12-24 16:59:49','2020-12-25 00:20:49'),
	(320,5, 9,16,'2022-04-08 15:45:57','2022-04-08 19:23:57'),
	(321,7, 16,3,'2020-09-16 17:02:42','2020-09-17 00:38:42'),
	(322,2, 4,11,'2020-12-14 12:45:17','2020-12-14 16:17:17'),
	(323,7, 8,19,'2020-05-26 17:50:37','2020-05-26 21:48:37'),
	(324,2, 17,3,'2021-01-03 10:19:33','2021-01-03 12:40:33'),
	(325,6, 6,16,'2023-04-13 09:28:42','2023-04-13 14:25:42'),
	(326,4, 6,8,'2021-03-23 16:57:50','2021-03-23 20:04:50'),
	(327,3, 12,14,'2021-04-15 14:06:36','2021-04-15 19:32:36'),
	(328,6, 20,3,'2021-05-17 15:44:41','2021-05-17 20:58:41'),
	(329,4, 17,19,'2023-04-18 12:32:12','2023-04-18 17:23:12'),
	(330,4, 19,7,'2020-05-08 09:07:28','2020-05-08 12:19:28'),
	(331,2, 9,8,'2021-04-30 08:50:53','2021-04-30 15:49:53'),
	(332,6, 6,13,'2022-06-24 12:04:32','2022-06-24 14:00:32'),
	(333,5, 19,4,'2022-09-25 17:37:53','2022-09-25 23:44:53'),
	(334,4, 14,14,'2022-01-22 16:51:54','2022-01-22 23:22:54'),
	(335,4, 17,5,'2021-10-20 15:23:27','2021-10-20 23:11:27'),
	(336,6, 19,3,'2021-12-01 13:53:35','2021-12-01 14:26:35'),
	(337,1, 19,9,'2021-01-29 17:17:54','2021-01-29 17:28:54'),
	(338,2, 12,5,'2022-06-22 17:11:43','2022-06-22 19:39:43'),
	(339,2, 13,13,'2021-07-18 08:39:29','2021-07-18 10:16:29'),
	(340,7, 20,6,'2022-06-08 14:40:32','2022-06-08 15:56:32'),
	(341,4, 17,6,'2021-02-22 11:06:44','2021-02-22 11:31:44'),
	(342,3, 2,8,'2023-03-09 12:21:02','2023-03-09 13:41:02'),
	(343,5, 13,15,'2023-03-30 11:45:04','2023-03-30 18:04:04'),
	(344,7, 14,10,'2023-03-26 11:26:54','2023-03-26 15:16:54'),
	(345,4, 2,10,'2020-05-30 17:22:42','2020-05-30 19:44:42'),
	(346,7, 5,8,'2022-01-11 09:47:02','2022-01-11 11:07:02'),
	(347,4, 16,16,'2022-08-17 15:11:15','2022-08-17 20:40:15'),
	(348,3, 17,13,'2022-07-03 08:21:50','2022-07-03 11:50:50'),
	(349,1, 8,12,'2022-07-05 09:50:40','2022-07-05 15:25:40'),
	(350,7, 11,17,'2022-01-18 11:12:44','2022-01-18 15:03:44'),
	(351,7, 1,7,'2020-11-11 13:05:04','2020-11-11 16:35:04'),
	(352,7, 16,8,'2021-02-07 16:13:28','2021-02-07 16:20:28'),
	(353,2, 8,4,'2021-09-27 11:37:42','2021-09-27 18:22:42'),
	(354,7, 13,3,'2022-10-29 12:25:33','2022-10-29 15:28:33'),
	(355,4, 4,10,'2023-02-03 09:12:49','2023-02-03 09:47:49'),
	(356,3, 11,6,'2023-02-26 10:28:06','2023-02-26 15:48:06'),
	(357,4, 2,19,'2020-07-11 10:02:53','2020-07-11 15:13:53'),
	(358,2, 2,17,'2023-03-31 12:04:17','2023-03-31 15:24:17'),
	(359,1, 19,6,'2022-01-02 16:06:43','2022-01-02 21:19:43'),
	(360,3, 15,8,'2022-05-19 16:53:05','2022-05-19 23:38:05'),
	(361,5, 20,10,'2021-03-17 17:21:49','2021-03-17 19:03:49'),
	(362,3, 1,9,'2021-03-11 08:22:22','2021-03-11 11:39:22'),
	(363,4, 1,6,'2021-06-27 17:48:10','2021-06-27 18:15:10'),
	(364,4, 8,12,'2021-07-06 08:18:51','2021-07-06 12:59:51'),
	(365,7, 13,9,'2022-01-07 14:33:01','2022-01-07 17:51:01'),
	(366,5, 6,10,'2021-05-17 08:10:21','2021-05-17 14:31:21'),
	(367,7, 19,5,'2022-02-07 17:38:01','2022-02-07 22:42:01'),
	(368,1, 13,18,'2022-08-22 11:47:54','2022-08-22 15:55:54'),
	(369,5, 17,19,'2020-12-15 14:13:21','2020-12-15 15:15:21'),
	(370,6, 11,2,'2023-03-24 11:24:55','2023-03-24 17:13:55'),
	(371,7, 18,1,'2021-06-18 11:45:58','2021-06-18 16:25:58'),
	(372,1, 2,14,'2023-03-18 15:09:32','2023-03-18 18:29:32'),
	(373,3, 19,7,'2020-11-14 13:02:29','2020-11-14 13:58:29'),
	(374,7, 7,11,'2022-05-14 08:09:01','2022-05-14 12:30:01'),
	(375,3, 19,12,'2022-03-06 08:44:11','2022-03-06 13:41:11'),
	(376,6, 13,13,'2020-04-25 10:09:12','2020-04-25 16:39:12'),
	(377,6, 5,18,'2020-09-11 14:13:57','2020-09-11 17:34:57'),
	(378,1, 19,1,'2021-08-03 16:27:52','2021-08-03 18:00:52'),
	(379,2, 7,13,'2021-02-22 17:27:13','2021-02-22 23:20:13'),
	(380,6, 5,7,'2020-08-14 12:13:55','2020-08-14 12:40:55'),
	(381,2, 1,10,'2022-12-10 15:51:52','2022-12-10 18:57:52'),
	(382,7, 9,4,'2021-03-08 12:20:30','2021-03-08 15:55:30'),
	(383,7, 13,19,'2022-03-30 08:09:59','2022-03-30 13:21:59'),
	(384,1, 20,15,'2022-04-03 11:46:35','2022-04-03 15:24:35'),
	(385,7, 20,15,'2021-08-29 12:20:29','2021-08-29 12:28:29'),
	(386,7, 19,7,'2023-03-25 11:59:35','2023-03-25 16:42:35'),
	(387,7, 16,19,'2023-01-12 08:49:56','2023-01-12 11:08:56'),
	(388,3, 15,1,'2022-11-11 14:30:55','2022-11-11 21:53:55'),
	(389,4, 11,2,'2022-02-13 13:09:52','2022-02-13 20:29:52'),
	(390,1, 2,17,'2020-12-13 13:39:53','2020-12-13 20:58:53'),
	(391,1, 3,19,'2022-01-18 16:57:35','2022-01-18 17:53:35'),
	(392,3, 3,1,'2021-07-25 16:37:59','2021-07-25 20:57:59'),
	(393,1, 20,4,'2020-06-09 14:23:52','2020-06-09 16:55:52'),
	(394,6, 5,9,'2021-09-21 08:24:34','2021-09-21 15:58:34'),
	(395,4, 18,19,'2022-10-12 08:08:16','2022-10-12 08:11:16'),
	(396,1, 4,9,'2020-09-19 11:30:49','2020-09-19 17:56:49'),
	(397,5, 13,17,'2021-01-09 13:11:10','2021-01-09 16:43:10'),
	(398,5, 15,8,'2023-03-28 14:03:39','2023-03-28 19:32:39'),
	(399,5, 16,5,'2022-12-27 14:47:28','2022-12-27 19:32:28'),
	(400,5, 6,20,'2021-05-23 16:38:41','2021-05-23 22:06:41'),
	(401,6, 2,12,'2020-12-16 11:21:16','2020-12-16 11:31:16'),
	(402,6, 2,9,'2021-04-01 16:31:42','2021-04-01 23:44:42'),
	(403,5, 8,2,'2020-08-20 08:14:04','2020-08-20 08:23:04'),
	(404,6, 14,12,'2022-10-06 14:33:03','2022-10-06 20:12:03'),
	(405,4, 4,18,'2021-06-05 13:13:30','2021-06-05 13:34:30'),
	(406,2, 13,20,'2022-03-17 11:53:31','2022-03-17 14:11:31'),
	(407,6, 10,18,'2021-02-25 16:05:54','2021-02-25 23:27:54'),
	(408,1, 1,9,'2022-12-30 08:17:08','2022-12-30 14:12:08'),
	(409,7, 19,6,'2020-05-04 09:57:02','2020-05-04 10:32:02'),
	(410,2, 8,8,'2022-10-18 14:22:15','2022-10-18 16:56:15'),
	(411,7, 14,1,'2020-10-18 09:31:06','2020-10-18 12:19:06'),
	(412,2, 14,12,'2020-04-29 13:07:58','2020-04-29 17:27:58'),
	(413,4, 19,15,'2021-02-08 08:53:20','2021-02-08 12:55:20'),
	(414,2, 7,7,'2021-05-01 15:30:29','2021-05-01 16:46:29'),
	(415,7, 19,18,'2023-02-09 16:56:35','2023-02-09 21:18:35'),
	(416,7, 15,3,'2022-07-23 13:10:02','2022-07-23 15:45:02'),
	(417,6, 2,3,'2021-02-27 15:13:21','2021-02-27 18:09:21'),
	(418,3, 15,2,'2022-04-11 11:52:13','2022-04-11 16:26:13'),
	(419,4, 12,16,'2022-01-05 08:58:04','2022-01-05 12:25:04'),
	(420,7, 1,13,'2020-08-31 08:05:18','2020-08-31 14:50:18'),
	(421,6, 3,8,'2020-12-23 12:31:09','2020-12-23 16:27:09'),
	(422,7, 8,4,'2022-10-29 14:13:11','2022-10-29 17:28:11'),
	(423,4, 4,4,'2021-12-09 15:06:36','2021-12-09 17:45:36'),
	(424,2, 5,18,'2022-09-20 12:10:37','2022-09-20 14:41:37'),
	(425,4, 10,4,'2022-08-20 10:03:14','2022-08-20 14:32:14'),
	(426,5, 9,11,'2020-06-04 09:55:27','2020-06-04 11:39:27'),
	(427,4, 7,1,'2020-06-21 16:00:23','2020-06-21 16:27:23'),
	(428,3, 15,19,'2021-05-16 13:25:11','2021-05-16 15:51:11'),
	(429,5, 14,7,'2020-09-24 16:14:22','2020-09-24 22:28:22'),
	(430,1, 13,17,'2023-04-19 17:53:53','2023-04-19 18:27:53'),
	(431,2, 13,5,'2022-05-21 08:20:04','2022-05-21 13:32:04'),
	(432,7, 9,1,'2021-07-09 08:16:13','2021-07-09 11:17:13'),
	(433,6, 9,12,'2020-08-12 12:37:53','2020-08-12 18:52:53'),
	(434,1, 15,9,'2022-01-09 14:48:12','2022-01-09 19:57:12'),
	(435,1, 18,9,'2021-06-30 13:12:10','2021-06-30 13:55:10'),
	(436,3, 1,7,'2022-07-28 13:31:15','2022-07-28 21:27:15'),
	(437,5, 12,14,'2022-08-16 16:52:10','2022-08-16 19:28:10'),
	(438,4, 9,4,'2021-04-02 15:20:35','2021-04-02 22:41:35'),
	(439,6, 5,5,'2023-04-20 12:20:36','2023-04-20 16:18:36'),
	(440,2, 2,15,'2021-06-16 13:27:49','2021-06-16 19:08:49'),
	(441,7, 15,15,'2021-04-14 08:10:13','2021-04-14 14:27:13'),
	(442,3, 14,19,'2021-06-17 15:31:52','2021-06-17 18:57:52'),
	(443,4, 13,18,'2022-10-20 16:21:40','2022-10-20 17:08:40'),
	(444,4, 5,17,'2020-09-22 16:09:48','2020-09-22 19:44:48'),
	(445,5, 9,8,'2020-10-21 09:54:44','2020-10-21 10:10:44'),
	(446,7, 8,19,'2020-06-18 10:10:47','2020-06-18 11:23:47'),
	(447,7, 12,15,'2020-07-26 14:48:01','2020-07-26 16:26:01'),
	(448,7, 16,18,'2022-11-30 14:27:07','2022-11-30 20:38:07'),
	(449,4, 20,3,'2020-12-12 14:12:35','2020-12-12 21:00:35'),
	(450,5, 8,3,'2021-02-09 09:51:43','2021-02-09 10:14:43'),
	(451,5, 13,2,'2021-12-07 12:15:37','2021-12-07 12:45:37'),
	(452,5, 5,18,'2021-01-20 14:07:16','2021-01-20 20:29:16'),
	(453,2, 1,14,'2021-08-23 15:09:09','2021-08-23 22:52:09'),
	(454,3, 4,13,'2021-03-16 09:17:39','2021-03-16 13:52:39'),
	(455,7, 17,12,'2021-02-27 08:03:24','2021-02-27 15:21:24'),
	(456,4, 13,4,'2023-02-26 15:19:19','2023-02-26 16:05:19'),
	(457,1, 17,7,'2021-08-25 15:02:09','2021-08-25 22:02:09'),
	(458,6, 16,14,'2023-01-19 09:17:58','2023-01-19 13:19:58'),
	(459,7, 11,11,'2021-06-06 15:50:29','2021-06-06 22:15:29'),
	(460,3, 5,8,'2021-02-22 12:08:48','2021-02-22 15:09:48'),
	(461,2, 4,13,'2020-07-30 16:19:24','2020-07-30 22:40:24'),
	(462,3, 14,16,'2022-06-17 13:20:51','2022-06-17 20:24:51'),
	(463,6, 4,3,'2021-11-19 15:54:51','2021-11-19 20:45:51'),
	(464,6, 3,14,'2023-03-05 16:24:04','2023-03-05 17:13:04'),
	(465,4, 17,4,'2022-03-14 16:54:14','2022-03-14 22:07:14'),
	(466,6, 16,5,'2022-06-04 13:42:06','2022-06-04 18:14:06'),
	(467,4, 5,15,'2023-02-25 10:03:16','2023-02-25 11:13:16'),
	(468,2, 12,19,'2021-12-31 08:14:21','2021-12-31 15:48:21'),
	(469,5, 16,16,'2022-02-13 12:19:43','2022-02-13 14:18:43'),
	(470,1, 9,11,'2020-09-18 15:28:42','2020-09-18 17:29:42'),
	(471,5, 17,20,'2020-05-20 11:35:41','2020-05-20 14:47:41'),
	(472,2, 8,2,'2022-03-02 13:39:12','2022-03-02 14:12:12'),
	(473,3, 1,6,'2020-04-22 15:18:35','2020-04-22 16:57:35'),
	(474,5, 5,11,'2020-07-20 08:55:31','2020-07-20 10:29:31'),
	(475,5, 13,9,'2021-08-26 16:45:54','2021-08-26 17:17:54'),
	(476,6, 9,5,'2023-04-03 17:23:34','2023-04-03 22:26:34'),
	(477,6, 4,19,'2021-08-20 08:35:21','2021-08-20 08:57:21'),
	(478,7, 20,2,'2021-08-08 10:07:43','2021-08-08 12:39:43'),
	(479,4, 3,19,'2022-01-19 11:46:18','2022-01-19 17:50:18'),
	(480,2, 11,11,'2022-11-16 10:31:39','2022-11-16 16:27:39'),
	(481,3, 3,13,'2021-12-31 16:47:28','2021-12-31 19:24:28'),
	(482,2, 15,8,'2022-08-05 10:31:40','2022-08-05 11:14:40'),
	(483,2, 20,19,'2022-02-10 16:15:51','2022-02-10 16:20:51'),
	(484,1, 6,5,'2021-06-19 17:05:34','2021-06-19 19:36:34'),
	(485,2, 10,6,'2021-09-27 09:26:36','2021-09-27 11:56:36'),
	(486,6, 5,18,'2021-04-20 09:04:04','2021-04-20 13:00:04'),
	(487,5, 13,13,'2023-01-02 17:07:30','2023-01-02 17:58:30'),
	(488,7, 11,7,'2021-08-18 15:00:29','2021-08-18 18:49:29'),
	(489,7, 5,18,'2020-08-27 15:25:42','2020-08-27 17:49:42'),
	(490,4, 13,10,'2021-12-27 10:19:44','2021-12-27 14:51:44'),
	(491,1, 11,1,'2021-02-23 12:15:10','2021-02-23 17:08:10'),
	(492,7, 7,10,'2021-02-27 10:08:49','2021-02-27 14:10:49'),
	(493,7, 7,3,'2022-04-05 09:31:40','2022-04-05 14:50:40'),
	(494,6, 18,14,'2023-02-20 09:36:13','2023-02-20 16:38:13'),
	(495,3, 11,11,'2021-02-07 16:26:35','2021-02-08 00:24:35'),
	(496,6, 11,12,'2020-12-27 12:21:15','2020-12-27 14:19:15'),
	(497,2, 19,10,'2022-05-21 16:38:41','2022-05-22 00:29:41'),
	(498,7, 14,7,'2022-10-07 12:21:58','2022-10-07 13:32:58'),
	(499,5, 11,2,'2020-05-18 13:21:01','2020-05-18 15:22:01'),
	(500,6, 20,11,'2021-05-07 11:59:53','2021-05-07 19:01:53');
